Nom,Angle d'approche,Problème probable,Argument de vente,Fonctionnalité Bproo à mettre en avant,Objection probable,Réponse à l'objection
UbiPharm Guinée,"Aborder via l'angle 'traçabilité pharmaceutique' plutôt que 'logiciel de gestion' : parler conformité et éviter les ruptures de stock critique","Suivi manuel ou Excel des stocks multi-dépôts, risque de rupture ou péremption non détectée","Un seul outil pour piloter achats, stocks et ventes vers tout le réseau de pharmacies, avec alertes de péremption",Module Achats + Stock avec seuils d'alerte et traçabilité par lot,"Nous avons déjà un système interne (ERP international)","Proposer une phase de test gratuite sur un seul dépôt pour comparer sans risque, en complément de l'existant"
Guinean National Contractors (GNC),"Approche par la taille : 285 employés = trop gros pour du suivi papier, angle 'professionnalisation'","Suivi de chantiers multiples dispersés géographiquement, difficulté à consolider budgets et main d'œuvre","Bproo BAT centralise chantiers, budgets et sous-traitants pour donner une vision temps réel à la direction",Module Chantiers + Budgets + Planning main d'œuvre,"Nos chefs de chantier ne sont pas à l'aise avec l'informatique","Montrer l'interface simplifiée et proposer une formation terrain incluse au démarrage"
Probiz Guinée Sarl,"Approche directe au fondateur (dirigeant identifié) en valorisant l'historique de l'entreprise depuis 1996","Devis et suivi de matériel dispersés entre plusieurs équipes, difficulté à savoir la rentabilité réelle par chantier","Un outil pensé pour les entreprises routières guinéennes, avec suivi des matériels et devis en FCFA",Module Devis + Matériels + Suivi de chantier,"On gère ça très bien depuis 30 ans sans logiciel","Positionner l'outil comme un gain de temps sur la consolidation, pas un remplacement du savoir-faire"
GUICOPRES BTS,"Approche via le président du groupe (Kerfalla Camara), en valorisant le leadership historique de l'entreprise (1998, 1ère entreprise privée en emplois créés)","Gestion d'un parc d'équipements important sans outil centralisé, risque de sous-utilisation du matériel","Un tableau de bord unique pour suivre équipements, chantiers et sous-traitants sur tout le territoire",Module Matériels + Tableau de bord,"Nous avons une équipe informatique interne qui gère déjà nos outils","Proposer une intégration complémentaire ciblée sur le module chantiers uniquement, sans tout remplacer"
Prima Center Conakry (RS Marché),"Approche 'volume de caisse' : seul hypermarché du pays = besoin certain de rapidité en caisse et gestion de rayons","Files d'attente en caisse, difficulté à suivre les ruptures de rayon en temps réel sur 2000m²","Bproo POS accélère l'encaissement et donne une vue en temps réel des stocks par rayon",Module Facturation/Caisse + Stock temps réel,"Nous utilisons déjà un logiciel de caisse dédié","Demander à voir le système actuel pour identifier ses limites et proposer un module complémentaire (tableau de bord, achats)"
BALMART Guinée,"Approche multi-sites : valoriser la présence à Conakry ET Kamsar comme besoin de consolidation","Difficulté à consolider les données entre deux implantations distinctes (Conakry / Boké)","Bproo BAT permet de suivre les chantiers des deux sites depuis un seul tableau de bord centralisé",Module Chantiers multi-sites + Tableau de bord consolidé,"Nos deux sites fonctionnent de façon indépendante, pas besoin de centraliser","Montrer un exemple concret de gain (ex: achats groupés de matériaux entre sites pour réduire les coûts)"
Élégance Pressing,"Approche 'image de marque' : le pressing se positionne déjà comme haut de gamme, l'outil doit renforcer cette image","Gestion manuelle des tickets clients, risque d'erreur ou de perte d'article, pas de rappel client automatique","Bproo Pressing offre étiquetage, suivi de commande et SMS automatiques pour une expérience client à la hauteur du positionnement",Module Étiquettes + SMS + Historique client,"Notre clientèle actuelle est satisfaite du service tel quel","Positionner le logiciel comme un outil pour scaler sans perdre en qualité de service lors de la croissance"
Groupe Kébou Commerce,"Approche fondateur à fondateur : mettre en avant la vision de structuration du commerce guinéen partagée avec Bproo Dev","Croissance rapide multi-secteurs difficile à piloter avec des outils disparates (Excel, cahiers)","Un ERP qui grandit avec l'entreprise, du commerce général à la logistique import-export",Module Achats/Ventes + CRM multi-activités,"Nous sommes encore en phase de structuration, pas prioritaire maintenant","Justement, c'est le bon moment pour poser des bases numériques avant que la complexité n'augmente"
BEA Global Services SARL,"Approche 'partenaire institutionnel' : valoriser leur expérience avec le PAM et RTI comme preuve de rigueur nécessaire","Reporting exigé par les partenaires internationaux difficile à produire manuellement","Bproo ERP facilite les rapports d'activité et le suivi des livraisons exigés par les bailleurs internationaux",Tableau de bord + Module Achats/Stock,"Nos bailleurs imposent déjà des outils de reporting spécifiques","Positionner Bproo comme un outil de gestion interne, complémentaire aux exigences de reporting des bailleurs"
NATRACO,"Approche technique : valoriser leur expertise en conception de plans et ouvrages d'art comme signe de rigueur qui mérite un bon outil de suivi","Décalage entre la rigueur technique des plans et un suivi de chantier encore artisanal","Bproo BAT digitalise le suivi de chantier avec la même rigueur que leurs plans techniques",Module Chantiers + Devis,"Le logiciel ne comprendra pas la spécificité de nos ouvrages d'art","Rassurer sur la flexibilité de configuration du module chantiers, adaptable à tout type de projet"
Blue Cleaners,"Approche digitale : ils ont déjà un système de réservation en ligne, montrer la suite logique","Rupture entre la réservation en ligne et la gestion interne (étiquetage, suivi, paiement) qui reste probablement manuelle","Bproo Pressing connecte la prise de commande à la gestion complète : étiquettes, paiement, historique client",Module Commandes + Paiements + Historique client,"Notre système de réservation actuel fonctionne bien, pourquoi changer ?","Expliquer que Bproo Pressing peut compléter (pas remplacer) leur réservation en gérant l'après-réservation"
Xpressing,"Approche 'laverie de proximité digitalisée' : ils ont un site web dédié, prouvant une sensibilité digitale","Suivi des vêtements et communication client encore basés sur des méthodes manuelles malgré la présence web","Bproo Pressing offre un vrai back-office pour compléter leur présence web déjà existante",Module Étiquettes + SMS client,"Notre site web suffit pour l'instant","Montrer que le site attire les clients mais que la gestion interne (perte d'articles, oublis) reste un point de friction à résoudre"
GUINEEGALAISE,"Approche multi-pays : valoriser leur présence en Guinée et en Gambie comme besoin de vision consolidée","Difficulté à suivre les opérations d'import-export et de transport sur plusieurs pays avec des outils disparates","Bproo ERP centralise achats, ventes et transport pour donner une vision unique multi-pays",Module Achats/Ventes + Transport,"Nos activités dans chaque pays sont gérées localement, pas besoin d'unifier","Proposer de commencer par le seul périmètre Guinée pour prouver la valeur avant d'envisager l'extension"
BEGEC-TRAVAUX-GIE,"Approche 'GIE' : valoriser la nécessité de coordination entre les deux entreprises fondatrices (EGEC + BELCO)","Coordination difficile entre deux entités partenaires sur des chantiers répartis dans plusieurs préfectures","Bproo BAT permet aux deux entités du GIE de partager un même tableau de bord de suivi de chantiers",Module Chantiers partagés + Sous-traitants,"Nos deux entreprises ont des méthodes de travail différentes, difficile d'unifier","Montrer que le module chantiers s'adapte à des équipes et méthodes différentes sans les uniformiser de force"
SOCOF SARL,"Approche 'multi-activités' : valoriser la diversité (BTP, transport, logistique, immobilier) comme besoin d'un outil transversal","Difficulté à avoir une vision consolidée de la rentabilité entre les différentes branches d'activité","Bproo ERP couvre BTP, achats, ventes et RH en un seul endroit pour piloter toutes les branches",Tableau de bord consolidé multi-activités,"Chaque branche a ses propres outils et habitudes, changement risqué","Proposer un déploiement progressif branche par branche en commençant par celle la plus en difficulté"
